"ENPAK19",39
"ENPAK20",37
"ENPAK21",46
"ENPAK22",41
"ENPAK23",39
"ENPAK24",35
"ENPAK25",44
"ENPAK26",39
"ENPAK27",41
"ENPAK28",29
"ENPAK29",44
"ENPAK30",38
"ENPBC16",46
"ENPBC17",45
"ENPBC18",46
"ENPCA01",48
"ENPCA02",40
"ENPCA03",47
"ENPCA04",36
"ENPCA05",39
"ENPCA06",48
"ENPCA07",45
"ENPCA08",37
"ENPCA09",46
"ENPOR10",46
"ENPOR11",54
"ENPOR12",29
"ENPOR13",47
"ENPWA14",43
"ENPWA15",72
"GOC002",50
"GOC006",46
"GOC010",50
"GOC025",53
"GOC038",46
"GOC050",47
"GOC053",51
"GOC063",49
"GOC068",41
"GOC071",40
"GOC077",44
"GOC080",43
"GOC082",37
"GOC086",41
"GOC091",46
"GOC100",38
"GOC111",45
"GOC112",42
"GOC116",41
"GOC125",46